<?xml version="1.0" encoding="UTF-8"?>
<beans xmlns="http://www.springframework.org/schema/beans"
       xmlns:xsi="http://www.w3.org/2001/XMLSchema-instance"
       xmlns:context="http://www.springframework.org/schema/context"
       xsi:schemaLocation="http://www.springframework.org/schema/beans http://www.springframework.org/schema/beans/spring-beans.xsd http://www.springframework.org/schema/context https://www.springframework.org/schema/context/spring-context.xsd">

    <!--  开启包的自动扫描  -->
    <context:component-scan base-package="com.atguigu.activemq"/>
    <!--  配置生产者  -->
    <bean id="connectionFactory" class="org.apache.activemq.pool.PooledConnectionFactory" destroy-method="stop">
        <property name="connectionFactory">
            <!--      正真可以生产Connection的ConnectionFactory,由对应的JMS服务商提供      -->
            <bean class="org.apache.activemq.spring.ActiveMQConnectionFactory">
                <property name="brokerURL" value="tcp://192.168.10.130:61616"/>
            </bean>
        </property>
        <property name="maxConnections" value="100"/>
    </bean>

    <!--  这个是队列目的地,点对点的Queue  -->
    <bean id="destinationQueue" class="org.apache.activemq.command.ActiveMQQueue">
        <!--    通过构造注入Queue名    -->
        <constructor-arg index="0" value="spring-active-queue"/>
    </bean>

    <!--  这个是队列目的地,  发布订阅的主题Topic-->
    <bean id="destinationTopic" class="org.apache.activemq.command.ActiveMQTopic">
        <constructor-arg index="0" value="spring-active-topic"/>
    </bean>

    <!--  Spring提供的JMS工具类,他可以进行消息发送,接收等  -->
    <bean id="jmsTemplate" class="org.springframework.jms.core.JmsTemplate">
        <!--    传入连接工厂    -->
        <property name="connectionFactory" ref="connectionFactory"/>
        <!--    传入目的地    -->
        <property name="defaultDestination" ref="destinationTopic"/>
        <!--    消息自动转换器    -->
        <property name="messageConverter">
            <bean class="org.springframework.jms.support.converter.SimpleMessageConverter"/>
        </property>
    </bean>
    <!--配置监听程序-->
    <!--在spring里面实现消费者不启动,直接通过配置监听完成消费-->
    <bean id="jmsContainer" class="org.springframework.jms.listener.DefaultMessageListenerContainer">
        <property name="connectionFactory" ref="connectionFactory"></property>
        <property name="destination" ref="destinationTopic"></property>
        <!--public class MyMessageListener implements MessageListener-->
        <property name="messageListener" ref="myMessageListener"></property>

    </bean>
</beans>